date,open,high,low,close,volume
1/1/2018 0:00,6.3,6.31,6.17,6.21,2280500
1/2/2018 0:00,6.13,6.54,6.13,6.49,18297000
1/3/2018 0:00,6.49,6.99,6.4,6.75,47374000
1/4/2018 0:00,6.75,7.05,6.75,6.95,34058000
1/5/2018 0:00,6.99,7.04,6.81,6.86,11516000
1/8/2018 0:00,6.89,7.04,6.85,6.89,10975500
1/9/2018 0:00,6.92,6.92,6.63,6.69,5839000
1/10/2018 0:00,6.75,6.95,6.69,6.92,6485500
1/11/2018 0:00,6.6,6.75,6.48,6.67,18787000
1/12/2018 0:00,6.69,6.71,6.48,6.52,4317000
1/15/2018 0:00,6.5,6.52,6.36,6.4,3567000
1/16/2018 0:00,6.44,6.45,6.29,6.32,4114500
1/17/2018 0:00,6.35,6.4,6.19,6.26,6457000
1/18/2018 0:00,6.3,6.4,6.28,6.34,5775500
1/19/2018 0:00,6.35,6.57,6.31,6.51,4072000
1/22/2018 0:00,6.51,6.71,6.4,6.54,8728000
1/23/2018 0:00,6.55,6.55,6.43,6.5,5518500
1/24/2018 0:00,6.52,6.71,6.49,6.57,5918000
1/25/2018 0:00,6.55,6.92,6.55,6.78,13935500
1/26/2018 0:00,6.76,7.07,6.62,6.89,39164000
1/29/2018 0:00,6.85,6.89,6.71,6.73,2129000
1/30/2018 0:00,6.7,6.85,6.7,6.76,2481500
1/31/2018 0:00,6.79,6.8,6.63,6.68,3957000
2/1/2018 0:00,6.69,6.78,6.63,6.73,2421500
2/2/2018 0:00,6.75,6.95,6.72,6.88,12430000
2/6/2018 0:00,6.8,6.81,6.59,6.73,9683000
2/7/2018 0:00,6.72,6.86,6.65,6.68,4350000
2/8/2018 0:00,6.68,6.73,6.61,6.65,2430000
2/9/2018 0:00,6.61,6.7,6.58,6.66,5254000
2/12/2018 0:00,6.7,6.84,6.61,6.63,8647000
2/13/2018 0:00,6.65,6.7,6.54,6.56,3206000
2/14/2018 0:00,6.55,6.56,6.3,6.38,10670000
2/15/2018 0:00,6.49,6.49,6.2,6.26,7745500
2/16/2018 0:00,6.3,6.49,6.25,6.43,3302000
2/19/2018 0:00,6.45,6.45,6.33,6.35,1534500
2/20/2018 0:00,6.36,6.4,6.31,6.35,2263000
2/21/2018 0:00,6.36,6.42,6.22,6.25,8038000
2/22/2018 0:00,6.25,6.38,6.15,6.32,4590500
2/23/2018 0:00,6.35,6.38,6.17,6.2,6564000
2/26/2018 0:00,6.25,6.25,6.11,6.14,1355500
2/27/2018 0:00,6.19,6.25,6.12,6.2,4162000
2/28/2018 0:00,6.16,6.25,6.16,6.21,534000
3/1/2018 0:00,6.2,6.47,6.2,6.43,4690000
3/2/2018 0:00,6.4,6.54,6.35,6.38,8943500
3/5/2018 0:00,6.38,6.42,6.28,6.31,1369500
3/6/2018 0:00,6.35,6.37,6.26,6.26,1744500
3/7/2018 0:00,6.25,6.33,6.25,6.29,1708000
3/8/2018 0:00,6.3,6.3,6.15,6.17,9032000
3/9/2018 0:00,6.17,6.24,6.15,6.17,666500
3/12/2018 0:00,6.13,6.26,6.13,6.24,2255500
3/13/2018 0:00,6.26,6.28,6.2,6.25,807500
3/14/2018 0:00,6.21,6.3,6.21,6.28,1219000
3/15/2018 0:00,6.25,6.41,6.25,6.31,2699000
3/16/2018 0:00,6.32,6.4,6.25,6.26,2330000
3/19/2018 0:00,6.28,6.33,6.2,6.22,2239500
3/20/2018 0:00,6.25,6.36,6.21,6.26,5397500
3/21/2018 0:00,6.26,6.4,6.26,6.3,4567500
3/22/2018 0:00,6.32,6.48,6.29,6.31,8689000
3/26/2018 0:00,6.3,6.49,6.3,6.32,8051000
3/27/2018 0:00,6.45,6.7,6.45,6.57,30279500
3/28/2018 0:00,6.63,6.79,6.6,6.75,22616000
3/29/2018 0:00,6.79,7.02,6.7,6.99,50510000
3/30/2018 0:00,7.06,7.19,6.96,7.01,23825000
4/2/2018 0:00,7.17,7.17,6.85,6.88,9276500
4/3/2018 0:00,6.93,7.18,6.8,6.96,27817000
4/4/2018 0:00,7.03,7.15,6.95,6.99,12784500
4/5/2018 0:00,7.03,7.05,6.93,7,6235000
4/6/2018 0:00,7.04,7.14,6.9,6.91,4905000
4/9/2018 0:00,6.95,6.95,6.82,6.84,3339000
4/10/2018 0:00,6.82,6.9,6.76,6.88,3853000
4/11/2018 0:00,6.9,6.98,6.81,6.87,4773500
4/12/2018 0:00,6.9,7.14,6.81,7.06,47541000
4/13/2018 0:00,7.2,7.28,7.07,7.11,36158500
4/16/2018 0:00,7.15,7.15,6.98,7.04,10271500
4/17/2018 0:00,7.09,7.13,7,7.1,5260500
4/18/2018 0:00,7.1,7.12,6.95,7,11228000
4/19/2018 0:00,6.95,7,6.79,6.9,12119500
4/20/2018 0:00,6.85,7,6.78,6.87,4207000
4/23/2018 0:00,6.86,7.09,6.85,6.95,4725000
4/24/2018 0:00,6.99,7.05,6.83,6.85,3926000
4/25/2018 0:00,6.91,6.91,6.71,6.83,4203000
4/26/2018 0:00,6.85,6.9,6.71,6.75,4169500
4/27/2018 0:00,6.73,6.8,6.64,6.68,6353500
4/30/2018 0:00,6.7,6.74,6.6,6.71,4084000
5/2/2018 0:00,6.74,6.76,6.65,6.71,767000
5/3/2018 0:00,6.71,6.74,6.55,6.56,3482000
5/4/2018 0:00,6.57,6.69,6.53,6.66,2219000
5/7/2018 0:00,6.62,6.65,6.54,6.56,1889500
5/8/2018 0:00,6.6,6.66,6.55,6.56,3157500
5/9/2018 0:00,6.6,6.75,6.44,6.49,3483500
5/10/2018 0:00,6.5,6.55,6.36,6.39,4296500
5/11/2018 0:00,6.35,6.44,6.24,6.28,5461500
5/14/2018 0:00,6.28,6.28,5.9,5.98,12065500
5/15/2018 0:00,6.05,6.13,5.88,6.05,6177000
5/16/2018 0:00,6.1,6.19,6.02,6.07,2598500
5/17/2018 0:00,6.07,6.16,6.07,6.12,4834500
5/18/2018 0:00,6.17,6.17,6,6.01,5874500
5/21/2018 0:00,6.03,6.08,6,6,1419000
5/22/2018 0:00,6,6.14,6,6.12,2341500
5/23/2018 0:00,6.11,6.15,6.02,6.12,1442500
5/24/2018 0:00,6.14,6.14,6.01,6.05,5095500
5/25/2018 0:00,6.06,6.06,5.81,5.89,6619000
5/28/2018 0:00,5.9,6,5.85,5.88,4891500
5/29/2018 0:00,5.81,6.02,5.81,5.99,4736500
5/30/2018 0:00,6,6.05,5.89,6,4749500
5/31/2018 0:00,6.03,6.03,5.91,5.94,1153500
6/1/2018 0:00,5.95,6,5.92,5.98,1164500
6/4/2018 0:00,5.98,6.01,5.9,5.95,915500
6/5/2018 0:00,5.92,5.98,5.9,5.97,3169500
6/6/2018 0:00,5.97,5.97,5.84,5.85,3284500
6/7/2018 0:00,5.85,5.85,5.74,5.8,4651500
6/11/2018 0:00,5.8,5.8,5.52,5.7,6512000
6/12/2018 0:00,5.75,5.75,5.64,5.68,5710500
6/13/2018 0:00,5.68,5.71,5.55,5.57,7091500
6/14/2018 0:00,5.6,5.64,5.54,5.61,1537000
6/19/2018 0:00,5.65,5.67,5.47,5.5,2612500
6/20/2018 0:00,5.6,5.8,5.58,5.64,5806500
6/21/2018 0:00,5.65,5.65,5.49,5.5,48332500
6/22/2018 0:00,5.52,5.55,5.25,5.32,20260500
6/25/2018 0:00,5.35,5.5,5.15,5.27,18652000
6/26/2018 0:00,5.3,5.38,5.25,5.3,5133000
6/27/2018 0:00,5.34,5.34,5.11,5.19,5038000
6/28/2018 0:00,5.2,5.56,5.16,5.45,13617500
6/29/2018 0:00,5.4,5.75,5.38,5.68,12078000
7/2/2018 0:00,5.68,5.7,5.41,5.5,2342500
7/3/2018 0:00,5.46,5.49,5.4,5.44,2006500
7/4/2018 0:00,5.37,5.44,5.15,5.18,4305000
7/5/2018 0:00,5.11,5.95,5.11,5.67,30242500
7/6/2018 0:00,5.5,5.7,5.21,5.58,40474000
7/9/2018 0:00,5.6,5.63,5.17,5.28,11927000
7/10/2018 0:00,5.3,5.37,5.13,5.24,6935000
7/11/2018 0:00,5.25,5.38,5.22,5.3,4766000
7/12/2018 0:00,5.3,5.3,5.23,5.25,1483000
7/13/2018 0:00,5.25,5.45,5.25,5.3,5427500
7/16/2018 0:00,5.31,5.35,5.13,5.14,5664500
7/17/2018 0:00,5.12,5.23,5.04,5.16,5392000
7/18/2018 0:00,5.2,5.34,5.2,5.31,3451000
7/19/2018 0:00,5.32,5.7,5.3,5.63,22771500
7/20/2018 0:00,5.7,5.7,5.38,5.44,14101000
7/23/2018 0:00,5.49,5.49,5.25,5.3,7616500
7/24/2018 0:00,5.26,5.56,5.26,5.52,8382500
7/26/2018 0:00,5.64,5.66,5.4,5.55,18034000
7/27/2018 0:00,5.58,5.72,5.5,5.64,14687500
7/30/2018 0:00,5.65,5.75,5.5,5.55,14265000
7/31/2018 0:00,5.55,5.6,5.35,5.38,14487000
8/1/2018 0:00,5.36,5.62,5.36,5.54,7329000
8/2/2018 0:00,5.55,5.63,5.43,5.47,4658500
8/3/2018 0:00,5.5,5.6,5.45,5.52,2380500
8/6/2018 0:00,5.55,5.55,5.45,5.46,2163500
8/7/2018 0:00,5.5,5.5,5.4,5.47,4582000
8/8/2018 0:00,5.46,5.54,5.4,5.43,2894000
8/9/2018 0:00,5.43,5.54,5.42,5.47,1917500
8/10/2018 0:00,5.45,5.72,5.45,5.57,11228000
8/13/2018 0:00,5.6,5.65,5.5,5.54,4029000
8/15/2018 0:00,5.55,5.6,5.39,5.44,1995000
8/16/2018 0:00,5.42,5.48,5.25,5.31,6482500
8/17/2018 0:00,5.35,5.5,5.35,5.42,4123500
8/20/2018 0:00,5.5,5.55,5.38,5.4,2217500
8/24/2018 0:00,5.41,5.63,5.4,5.58,5137000
8/27/2018 0:00,5.58,5.71,5.53,5.55,5204000
8/28/2018 0:00,5.54,5.54,5.4,5.42,3695000
8/29/2018 0:00,5.47,5.47,5.35,5.37,2682500
8/30/2018 0:00,5.42,5.44,5.33,5.35,2854500
8/31/2018 0:00,5.39,5.39,5.29,5.31,3865500
9/3/2018 0:00,5.46,5.7,5.4,5.55,16727500
9/4/2018 0:00,5.58,5.88,5.57,5.78,23616500
9/5/2018 0:00,5.8,5.86,5.61,5.64,5956500
9/6/2018 0:00,5.65,5.69,5.44,5.46,4099500
9/7/2018 0:00,5.46,5.54,5.34,5.39,3848000
9/10/2018 0:00,5.4,5.42,5.28,5.35,3911500
9/11/2018 0:00,5.33,5.48,5.33,5.41,5125500
9/12/2018 0:00,5.4,5.54,5.25,5.27,4077000
9/13/2018 0:00,5.27,5.41,5.27,5.37,8060500
9/14/2018 0:00,5.4,5.43,5.33,5.4,2150000
9/17/2018 0:00,5.46,5.46,5.25,5.26,4851000
9/18/2018 0:00,5.3,5.39,5.23,5.37,2807500
9/19/2018 0:00,5.4,5.45,5.31,5.38,30606500
9/24/2018 0:00,5.42,5.5,5.3,5.31,6068500
9/25/2018 0:00,5.35,5.38,5.3,5.3,3088500
9/26/2018 0:00,5.35,5.42,5.27,5.33,4366500
9/27/2018 0:00,5.3,5.34,5.19,5.21,5295500
9/28/2018 0:00,5.2,5.4,5.2,5.35,9771500
10/1/2018 0:00,5.36,5.36,5.25,5.27,1350500
10/2/2018 0:00,5.31,5.45,5.31,5.32,2716500
10/3/2018 0:00,5.32,5.35,5.25,5.28,1189500
10/4/2018 0:00,5.3,5.3,5.2,5.22,2098000
10/5/2018 0:00,5.25,5.25,4.91,5,4862500
10/8/2018 0:00,5,5.06,4.72,4.77,12185000
10/9/2018 0:00,4.85,4.97,4.75,4.82,7459000
10/10/2018 0:00,4.9,4.9,4.66,4.86,6456000
10/11/2018 0:00,4.86,5.28,4.86,5.11,12008500
10/12/2018 0:00,5.23,5.4,5.17,5.21,8860500
10/15/2018 0:00,5.25,5.4,5.05,5.14,7530000
10/16/2018 0:00,5.25,5.4,5.17,5.27,5150000
10/17/2018 0:00,5.3,5.46,5.25,5.44,6015000
10/18/2018 0:00,5.4,5.4,5.25,5.33,6028500
10/19/2018 0:00,5.3,5.38,5.2,5.33,6245500
10/22/2018 0:00,5.35,5.46,5.35,5.37,4590500
10/23/2018 0:00,5.37,5.37,5.25,5.29,3072000
10/24/2018 0:00,5.5,6.05,5.46,6,68495000
10/25/2018 0:00,6.06,6.15,5.63,5.81,23404500
10/26/2018 0:00,5.8,6.04,5.7,5.99,14927500
10/29/2018 0:00,5.96,6.4,5.95,6.27,44137500
10/30/2018 0:00,6.2,6.3,6.09,6.24,18806000
10/31/2018 0:00,6.25,6.4,6.16,6.3,19989000
11/1/2018 0:00,6.25,6.31,6.14,6.22,10159500
11/2/2018 0:00,6.25,6.3,6.12,6.19,7972000
11/5/2018 0:00,6.02,6.02,5.76,5.83,11089000
11/6/2018 0:00,5.8,5.84,5.51,5.68,13713000
11/7/2018 0:00,5.8,5.85,5.7,5.75,6273000
11/8/2018 0:00,5.75,6,5.71,5.94,14686500
11/9/2018 0:00,5.91,6.15,5.84,6.08,16186000
11/12/2018 0:00,6.05,6.27,5.96,6.02,17718000
11/13/2018 0:00,6.02,6.02,5.9,5.94,1245000
11/14/2018 0:00,5.95,6.07,5.89,5.95,4048000
11/15/2018 0:00,5.88,6,5.88,5.91,3352000
11/16/2018 0:00,5.91,5.98,5.83,5.88,1432000
11/19/2018 0:00,5.95,5.98,5.82,5.88,2207000
11/20/2018 0:00,5.9,5.95,5.73,5.75,4539000
11/22/2018 0:00,5.8,5.82,5.65,5.67,1688000
11/23/2018 0:00,5.66,5.7,5.58,5.6,2441000
11/26/2018 0:00,5.65,5.67,5.55,5.56,1111000
11/27/2018 0:00,5.57,5.68,5.49,5.64,4825500
11/28/2018 0:00,5.7,5.96,5.63,5.9,12640000
11/29/2018 0:00,5.85,5.89,5.71,5.81,1890500
11/30/2018 0:00,5.8,5.84,5.55,5.64,7096000
12/3/2018 0:00,5.5,5.5,5.29,5.35,17385500
12/4/2018 0:00,5.34,5.5,5.28,5.47,10461500
12/5/2018 0:00,5.43,5.59,5.29,5.32,8080000
12/6/2018 0:00,5.35,5.44,5.14,5.18,15544000
12/7/2018 0:00,5.2,5.57,5.18,5.53,13903500
12/10/2018 0:00,5.8,6.04,5.73,5.98,34681500
12/11/2018 0:00,6.1,6.1,5.85,5.93,7787500
12/12/2018 0:00,5.8,5.9,5.73,5.78,16490000
12/13/2018 0:00,5.8,5.85,5.55,5.59,4444000
12/14/2018 0:00,5.59,5.72,5.58,5.65,2877500
12/17/2018 0:00,5.65,5.92,5.65,5.8,6879000
12/18/2018 0:00,5.8,6.05,5.72,5.97,14288000
12/19/2018 0:00,5.97,6.09,5.85,5.95,12464000
12/20/2018 0:00,5.9,6.05,5.9,5.99,8364000
12/21/2018 0:00,5.97,6.16,5.8,6.02,17354000
12/24/2018 0:00,5.95,6.1,5.86,6.03,6401500
12/26/2018 0:00,6.1,6.15,6.01,6.04,12752500
12/27/2018 0:00,6.07,6.12,5.92,5.95,4368000
12/28/2018 0:00,6,6.09,5.75,5.92,12406500
12/31/2018 0:00,5.71,5.99,5.65,5.94,18591500
1/1/2019 0:00,5.97,6.1,5.9,6.03,4908000
1/2/2019 0:00,6.03,6.09,5.84,5.9,4702500
1/3/2019 0:00,6,6,5.77,5.81,1888500
1/4/2019 0:00,5.85,6,5.76,5.82,1431500
1/7/2019 0:00,5.8,6.35,5.8,6.29,22848500
1/8/2019 0:00,6.28,6.32,6.16,6.22,10123000
1/9/2019 0:00,6.25,6.26,6.11,6.16,2304000
1/10/2019 0:00,6.2,6.31,6.15,6.21,7388000
1/11/2019 0:00,6.23,6.36,6.1,6.31,13920500
1/14/2019 0:00,6.3,6.48,6.3,6.42,10840000
1/15/2019 0:00,6.45,6.45,6.33,6.36,7788500
1/16/2019 0:00,6.34,6.42,6.26,6.29,13222500
1/17/2019 0:00,6.27,6.3,6.08,6.14,8635000
1/18/2019 0:00,6.11,6.67,6.07,6.45,55918000
1/21/2019 0:00,6.5,6.65,6.36,6.57,19089000
1/22/2019 0:00,6.56,6.67,6.5,6.63,9592500
1/23/2019 0:00,6.62,6.71,6.55,6.62,14980500
1/24/2019 0:00,6.71,6.72,6.53,6.55,6910500
1/25/2019 0:00,6.53,6.6,6.4,6.42,5922500
1/28/2019 0:00,6.48,6.5,6.4,6.43,4181000
1/29/2019 0:00,6.4,6.48,6.35,6.39,3896500
1/30/2019 0:00,6.39,6.45,6.35,6.36,2082000
1/31/2019 0:00,6.36,6.45,6.34,6.4,2626500
2/1/2019 0:00,6.44,6.49,6.4,6.47,3275500
2/4/2019 0:00,6.48,6.7,6.46,6.68,17602000
2/6/2019 0:00,6.65,6.75,6.51,6.53,5324500
2/7/2019 0:00,6.51,6.59,6.45,6.49,2306000
2/8/2019 0:00,6.53,6.7,6.34,6.38,23238500
2/11/2019 0:00,6.43,6.46,6.19,6.24,15499500
2/12/2019 0:00,6.25,6.57,6.2,6.51,12700000
2/13/2019 0:00,6.59,6.68,6.5,6.59,18092000
2/14/2019 0:00,6.6,6.61,6.46,6.51,2682500
2/15/2019 0:00,6.52,6.6,6.45,6.53,2258500
2/18/2019 0:00,6.59,6.61,6.33,6.43,6343500
2/19/2019 0:00,6.43,6.53,6.32,6.4,9679500
2/20/2019 0:00,6.32,6.43,6.31,6.34,7018500
2/21/2019 0:00,6.38,6.39,6.26,6.27,6064500
2/22/2019 0:00,6.26,6.3,6.22,6.23,2370500
2/25/2019 0:00,6.21,6.35,6.18,6.2,2484500
2/26/2019 0:00,6.1,6.22,6.03,6.04,8594000
2/27/2019 0:00,6,6,5.51,5.87,19816000
2/28/2019 0:00,5.98,6.09,5.73,6.04,9475000
3/1/2019 0:00,6.1,6.18,6.05,6.09,5504000
3/4/2019 0:00,6.05,6.16,6,6.14,2003000
3/5/2019 0:00,6.21,6.29,6.2,6.28,7642000
3/6/2019 0:00,6.2,6.23,6.15,6.21,5185500
3/7/2019 0:00,6.21,6.24,6.07,6.1,3134000
3/8/2019 0:00,6.1,6.12,5.99,6.01,4466000
3/11/2019 0:00,6.1,6.1,6,6.04,4109000
3/12/2019 0:00,6,6.05,5.88,5.98,5863500
3/13/2019 0:00,5.98,6.08,5.95,6,8068500
3/14/2019 0:00,6,6.05,5.89,5.9,4068000
3/15/2019 0:00,5.95,6,5.64,5.67,17033500
3/18/2019 0:00,5.75,5.85,5.5,5.81,15346500
3/19/2019 0:00,5.85,5.88,5.65,5.71,1296000
3/20/2019 0:00,5.7,5.75,5.65,5.71,1676000
3/21/2019 0:00,5.7,5.7,5.59,5.61,1365000
3/22/2019 0:00,5.69,5.74,5.58,5.64,2088000
3/25/2019 0:00,5.7,5.7,5.35,5.39,5504500
3/26/2019 0:00,5.45,5.52,5.4,5.45,7164500
3/27/2019 0:00,5.59,5.67,5.5,5.62,13503000
3/28/2019 0:00,5.6,5.61,5.46,5.49,1722000
3/29/2019 0:00,5.5,5.66,5.45,5.59,7668000
4/1/2019 0:00,5.5,5.59,5.35,5.41,3815500
4/2/2019 0:00,5.4,5.45,5.22,5.25,8847500
4/3/2019 0:00,5.32,5.35,5.17,5.21,7708500
4/4/2019 0:00,5.28,5.28,5.05,5.1,8774000
4/5/2019 0:00,5.1,5.25,5,5.23,7769000
4/8/2019 0:00,5.2,5.2,4.93,4.98,10902500
4/9/2019 0:00,4.98,5.33,4.98,5.26,9525000
4/10/2019 0:00,5.22,5.23,4.95,4.98,11584500
4/11/2019 0:00,4.97,5.15,4.94,5.05,11124500
4/12/2019 0:00,5.06,5.26,5.02,5.23,14841500
4/15/2019 0:00,5.23,5.25,5.04,5.1,13986500
4/16/2019 0:00,5.09,5.11,4.97,5.01,13353000
4/17/2019 0:00,5.05,5.05,4.83,4.87,3538500
4/18/2019 0:00,4.95,5.11,4.85,5.06,7630500
4/19/2019 0:00,5.06,5.12,4.98,5.03,13551000
4/22/2019 0:00,5.07,5.1,4.73,4.81,10146500
4/23/2019 0:00,4.82,4.82,4.63,4.69,9877000
4/24/2019 0:00,4.7,4.83,4.64,4.67,6521500
4/25/2019 0:00,4.68,4.81,4.65,4.79,3930500
4/26/2019 0:00,4.8,4.95,4.8,4.87,5730500
4/29/2019 0:00,4.95,5,4.75,4.83,10161000
4/30/2019 0:00,4.88,4.95,4.79,4.88,3210000
5/2/2019 0:00,4.93,4.97,4.75,4.76,1154000
5/3/2019 0:00,4.75,4.82,4.69,4.7,880000
5/6/2019 0:00,4.66,4.78,4.56,4.6,1681500
5/7/2019 0:00,4.64,4.75,4.42,4.45,10190000
5/8/2019 0:00,4.51,4.51,3.97,4.2,16775000
5/9/2019 0:00,4.2,4.3,4.1,4.19,3493000
5/10/2019 0:00,4.25,4.45,4.18,4.22,4827500
5/13/2019 0:00,4.36,4.4,3.95,3.98,9812000
5/14/2019 0:00,4.09,4.09,3.88,3.92,7094000
5/15/2019 0:00,3.99,4.24,3.97,4.22,9164500
5/16/2019 0:00,4.3,4.35,3.95,4,14604000
5/17/2019 0:00,4.01,4.06,3.54,3.67,15343500
5/20/2019 0:00,3.8,3.96,3.56,3.9,12322000
5/21/2019 0:00,3.89,4.1,3.84,4.04,9507000
5/22/2019 0:00,4.16,4.4,4.12,4.38,15749000
5/23/2019 0:00,4.49,4.55,4.24,4.32,15176000
5/24/2019 0:00,4.35,4.35,4.12,4.18,5662000
5/27/2019 0:00,4.25,4.25,4.08,4.13,3324000
5/28/2019 0:00,4.1,4.13,3.95,4.02,5839000
5/29/2019 0:00,4.05,4.21,4.05,4.18,8094000
5/30/2019 0:00,4.26,4.45,4.13,4.17,12093500
6/3/2019 0:00,4.15,4.22,4.05,4.09,3698000
6/10/2019 0:00,4.3,4.46,4.24,4.27,18529500
6/11/2019 0:00,4.3,4.46,4.27,4.34,9041000
6/12/2019 0:00,4.41,4.46,4.25,4.31,7488000
6/13/2019 0:00,4.31,4.5,4.25,4.46,8466000
6/14/2019 0:00,4.43,4.5,4.31,4.4,4025000
6/17/2019 0:00,4.44,4.48,4.23,4.27,3664500
6/18/2019 0:00,4.29,4.29,4.1,4.11,4829000
6/19/2019 0:00,4.18,4.18,4.05,4.12,2083000
6/20/2019 0:00,4.16,4.26,4.11,4.14,9325500
6/21/2019 0:00,4.14,4.27,4.13,4.25,12176000
6/24/2019 0:00,4.25,4.3,4.11,4.25,6399000
6/25/2019 0:00,4.2,4.28,4.1,4.21,21355500
6/26/2019 0:00,4.24,4.31,3.98,4.21,29658000
6/27/2019 0:00,4.15,4.33,4.05,4.19,24990500
6/28/2019 0:00,4.21,4.5,4.1,4.39,21309000
7/1/2019 0:00,4.4,4.45,4.32,4.34,580500
7/2/2019 0:00,4.4,4.5,4.3,4.38,13561500
7/3/2019 0:00,4.4,4.47,4.32,4.34,4109500
7/4/2019 0:00,4.45,4.45,4.24,4.29,8979500
7/5/2019 0:00,4.19,4.28,4.18,4.22,1225500
7/8/2019 0:00,4.2,4.28,3.98,4.01,7444500
7/9/2019 0:00,4.04,4.09,3.97,4.05,3793500
7/10/2019 0:00,4.05,4.13,4.04,4.1,1203500
7/11/2019 0:00,4.11,4.11,4.02,4.09,846500
7/12/2019 0:00,4.06,4.09,3.97,4,6894000
7/15/2019 0:00,4,4.03,3.8,3.81,4512000
7/16/2019 0:00,3.82,3.9,3.61,3.71,20303000
7/17/2019 0:00,3.8,3.84,3.66,3.71,3865000
7/18/2019 0:00,3.72,3.78,3.47,3.54,7348000
7/19/2019 0:00,3.55,3.7,3.48,3.64,11088000
7/22/2019 0:00,3.66,3.72,3.6,3.65,1344500
7/23/2019 0:00,3.73,3.8,3.6,3.73,2158500
7/24/2019 0:00,3.77,3.78,3.6,3.62,3520500
7/25/2019 0:00,3.64,3.64,3.53,3.58,3274000
7/26/2019 0:00,3.56,3.6,3.44,3.47,3867000
7/29/2019 0:00,3.53,3.54,3.25,3.32,6262500
7/30/2019 0:00,3.34,3.42,3.3,3.35,3147000
7/31/2019 0:00,3.4,3.5,3.31,3.47,4253500
8/1/2019 0:00,3.48,3.51,3.38,3.42,3010000
8/2/2019 0:00,3.35,3.47,3.35,3.44,599000
8/5/2019 0:00,3.43,3.43,3.26,3.29,2481000
8/6/2019 0:00,3.25,3.35,3.2,3.22,3115500
8/7/2019 0:00,3.17,3.27,3.13,3.15,4598000
8/8/2019 0:00,3.21,3.21,3,3.04,10321000
8/9/2019 0:00,3.05,3.1,3.04,3.05,2354000
8/16/2019 0:00,3.06,3.14,3,3.03,2251500
8/19/2019 0:00,3.03,3.22,3.03,3.16,1613000
8/20/2019 0:00,3.16,3.28,3.1,3.14,5846500
8/21/2019 0:00,3.14,3.4,3.09,3.32,4977500
8/22/2019 0:00,3.4,3.77,3.4,3.75,17928000
8/23/2019 0:00,3.76,3.76,3.52,3.56,5374500
8/26/2019 0:00,3.52,3.6,3.41,3.45,5354000
8/27/2019 0:00,3.45,3.57,3.36,3.55,4275500
8/28/2019 0:00,3.55,3.57,3.32,3.38,10005500
8/29/2019 0:00,3.4,3.43,3.17,3.22,5132500
8/30/2019 0:00,3.21,3.27,3.02,3.05,10088500
9/2/2019 0:00,3.12,3.3,3.1,3.25,3823500
9/3/2019 0:00,3.2,3.3,3.15,3.17,2204000
9/4/2019 0:00,3.2,3.32,3.15,3.29,2047000
9/5/2019 0:00,3.22,3.35,3.19,3.23,3248500
9/6/2019 0:00,3.2,3.28,3.18,3.24,122500
9/11/2019 0:00,3.26,3.3,3.16,3.26,1334000
9/12/2019 0:00,3.26,3.5,3.26,3.42,11772000
9/13/2019 0:00,3.42,3.47,3.36,3.37,3012000
9/16/2019 0:00,3.4,3.5,3.37,3.44,4759000
9/17/2019 0:00,3.42,3.62,3.4,3.56,6423500
9/18/2019 0:00,3.59,3.6,3.29,3.36,8274000
9/19/2019 0:00,3.36,3.46,3.3,3.4,7027000
9/20/2019 0:00,3.4,3.53,3.31,3.36,5398500
9/23/2019 0:00,3.34,3.38,3.2,3.24,3470000
9/24/2019 0:00,3.25,3.31,3.2,3.26,4597500
9/25/2019 0:00,3.23,3.45,3.15,3.31,14896500
9/26/2019 0:00,3.32,3.6,3.31,3.52,31426000
9/27/2019 0:00,3.52,3.7,3.45,3.63,17578500
9/30/2019 0:00,3.7,3.72,3.37,3.55,55568500
10/1/2019 0:00,3.59,3.8,3.51,3.77,22886000
10/2/2019 0:00,3.8,3.84,3.71,3.75,10057000
10/3/2019 0:00,3.72,4.16,3.66,4.09,35771000
10/4/2019 0:00,4.1,4.14,3.96,4.05,7139500
10/7/2019 0:00,4.06,4.24,3.97,4.11,16879500
10/8/2019 0:00,4.13,4.23,4.01,4.05,7679000
10/9/2019 0:00,4.1,4.16,3.98,4.03,8924500
10/10/2019 0:00,4.03,4.27,4.03,4.18,16513500
10/11/2019 0:00,4.2,4.26,4.09,4.12,10239500
10/14/2019 0:00,4.13,4.13,3.99,4.01,4942500
10/15/2019 0:00,4.03,4.07,3.95,3.98,4753500
10/16/2019 0:00,4,4.12,3.96,3.98,11825000
10/17/2019 0:00,4,4.01,3.86,3.9,5195500
10/18/2019 0:00,3.91,3.97,3.86,3.89,1153000
10/21/2019 0:00,3.87,3.87,3.64,3.68,11200000
10/22/2019 0:00,3.62,3.78,3.62,3.72,2796000
10/23/2019 0:00,3.73,3.84,3.73,3.76,2122000
10/24/2019 0:00,3.83,3.88,3.71,3.73,2850000
10/25/2019 0:00,3.75,3.8,3.66,3.68,5148000
10/28/2019 0:00,3.75,3.79,3.66,3.74,2484500
10/29/2019 0:00,3.78,3.78,3.63,3.67,7115000
10/30/2019 0:00,3.67,3.71,3.55,3.57,2729000
10/31/2019 0:00,3.64,3.73,3.6,3.7,3130500
11/1/2019 0:00,3.65,3.92,3.62,3.77,6479500
11/4/2019 0:00,3.78,3.94,3.78,3.85,8075500
11/5/2019 0:00,3.84,3.98,3.8,3.86,7844000
11/6/2019 0:00,3.93,4.06,3.88,3.91,14700500
11/7/2019 0:00,4,4,3.85,3.87,3602000
11/8/2019 0:00,3.88,4.12,3.85,4,10087500
11/11/2019 0:00,4.06,4.11,4.02,4.04,8878500
11/12/2019 0:00,4.08,4.16,4.02,4.06,8990000
11/13/2019 0:00,4.08,4.08,3.98,4.01,5727000
11/14/2019 0:00,4.02,4.09,3.97,4,5905500
11/15/2019 0:00,4.04,4.13,3.98,4.1,12254500
11/18/2019 0:00,4.12,4.38,4.1,4.31,28386500
11/19/2019 0:00,4.35,4.46,4.28,4.36,27535000
11/20/2019 0:00,4.42,4.42,4.1,4.15,12778000
11/21/2019 0:00,4.2,4.2,3.97,4,12131500
11/22/2019 0:00,4,4.18,3.98,4.1,7710500
11/25/2019 0:00,4.1,4.2,4.04,4.1,6314500
11/26/2019 0:00,4.17,4.25,3.98,4.07,18731500
11/27/2019 0:00,4.13,4.14,4.02,4.07,3422000
11/28/2019 0:00,4.09,4.19,4.05,4.11,6965500
11/29/2019 0:00,4.15,4.28,4.12,4.2,16430500
12/2/2019 0:00,4.26,4.69,4.18,4.59,40850000
12/3/2019 0:00,4.68,4.86,4.6,4.69,42806000
12/4/2019 0:00,4.64,4.7,4.55,4.62,15975000
12/5/2019 0:00,4.7,4.83,4.61,4.72,20047000
12/6/2019 0:00,4.8,4.8,4.65,4.7,8218500
12/9/2019 0:00,4.7,4.74,4.55,4.57,9597500
12/10/2019 0:00,4.57,4.65,4.49,4.63,15845500
12/11/2019 0:00,4.63,4.64,4.47,4.49,12691500
12/12/2019 0:00,4.49,4.52,4.3,4.38,7391500
12/13/2019 0:00,4.48,4.5,4.31,4.4,3794000
12/16/2019 0:00,4.45,4.57,4.42,4.5,7165500
12/17/2019 0:00,4.5,4.55,4.25,4.4,16701000
12/18/2019 0:00,4.36,4.36,4.22,4.27,12430500
12/19/2019 0:00,4.25,4.3,4.1,4.14,6081000
12/20/2019 0:00,4.14,4.23,4.08,4.12,7373500
12/23/2019 0:00,4.08,4.15,3.96,4,6660000
12/24/2019 0:00,3.96,4.19,3.9,4.15,9525000
12/26/2019 0:00,4.2,4.22,4.1,4.19,4663000
12/27/2019 0:00,4.15,4.19,4,4.06,10996500
12/30/2019 0:00,4.14,4.46,4.14,4.35,19107000
12/31/2019 0:00,4.38,4.44,4.33,4.37,13799000
1/1/2020 0:00,4.6,5,4.54,4.76,119386000
1/2/2020 0:00,4.79,4.9,4.68,4.77,46828000
1/3/2020 0:00,4.8,4.8,4.56,4.62,20210500
1/6/2020 0:00,4.5,4.75,4.4,4.53,46030000
1/7/2020 0:00,4.56,4.7,4.52,4.58,16090500
1/8/2020 0:00,4.51,4.63,4.39,4.43,39458000
1/9/2020 0:00,4.56,4.77,4.54,4.73,33460500
1/10/2020 0:00,4.77,4.79,4.59,4.62,17211000
1/13/2020 0:00,4.7,4.7,4.59,4.64,6415500
1/14/2020 0:00,4.64,4.7,4.5,4.52,13576500
1/15/2020 0:00,4.55,4.55,4.44,4.46,5023000
1/16/2020 0:00,4.49,4.53,4.45,4.48,6161500
1/17/2020 0:00,4.5,4.53,4.45,4.47,7129500
1/20/2020 0:00,4.49,4.5,4.33,4.35,5144000
1/21/2020 0:00,4.4,4.43,4.31,4.35,5704500
1/22/2020 0:00,4.34,4.39,4.28,4.32,4461000
1/23/2020 0:00,4.36,4.48,4.33,4.38,3407000
1/24/2020 0:00,4.38,4.43,4.33,4.39,1336000
1/27/2020 0:00,4.4,4.4,4.33,4.36,3698500
1/28/2020 0:00,4.35,4.35,4.29,4.31,6534000
1/29/2020 0:00,4.3,4.35,4.16,4.22,9445000
1/30/2020 0:00,4.25,4.35,4.19,4.29,4047000
1/31/2020 0:00,4.38,4.38,4.22,4.25,4880500
2/3/2020 0:00,4.25,4.25,4.11,4.17,7038000
2/4/2020 0:00,4.27,4.38,4.14,4.33,7827500
2/6/2020 0:00,4.33,4.38,4.3,4.3,2694000
2/7/2020 0:00,4.25,4.3,4.17,4.2,2532500
2/10/2020 0:00,4.15,4.18,4.07,4.09,6991500
2/11/2020 0:00,4.15,4.2,4.06,4.13,2974000
2/12/2020 0:00,4.15,4.22,4.11,4.19,4964500
2/13/2020 0:00,4.2,4.27,4.15,4.2,1774000
2/14/2020 0:00,4.15,4.19,4.06,4.11,4348000
2/17/2020 0:00,4.08,4.15,4.05,4.1,1821500
2/18/2020 0:00,4.19,4.19,4.03,4.06,2835500
2/19/2020 0:00,4.1,4.14,4.06,4.09,1940500
2/20/2020 0:00,4.1,4.12,4.07,4.1,2221500
2/21/2020 0:00,4.07,4.1,4.06,4.07,749500
2/24/2020 0:00,4.1,4.1,3.89,3.91,10629500
2/25/2020 0:00,3.95,3.98,3.84,3.88,6862000
2/26/2020 0:00,3.92,3.96,3.84,3.85,3772500
2/27/2020 0:00,3.79,3.84,3.7,3.82,5171000
2/28/2020 0:00,3.85,3.85,3.71,3.75,3976000
3/2/2020 0:00,3.83,3.95,3.76,3.92,2703000
3/3/2020 0:00,4,4.05,3.85,3.9,2300000
3/4/2020 0:00,3.95,3.99,3.82,3.84,1601000
3/5/2020 0:00,3.89,4.04,3.89,3.99,3406500
3/6/2020 0:00,3.9,3.95,3.77,3.83,2298000
3/9/2020 0:00,3.7,3.75,3.4,3.54,20855500
3/10/2020 0:00,3.64,3.77,3.46,3.64,14896000
3/11/2020 0:00,3.75,3.75,3.52,3.53,5126000
3/12/2020 0:00,3.53,3.53,3.31,3.36,14730000
3/13/2020 0:00,3.28,3.45,3.22,3.41,6495000
3/16/2020 0:00,3.4,3.4,3.15,3.3,5008000
3/17/2020 0:00,3.23,3.43,3.18,3.23,3115500
3/18/2020 0:00,3.15,3.19,2.78,2.88,25474500
3/19/2020 0:00,2.8,3.2,2.6,3.04,22136500
3/20/2020 0:00,3.28,3.28,2.95,2.99,23415000
3/24/2020 0:00,2.71,2.8,2.57,2.65,25596500
3/25/2020 0:00,2.91,2.96,2.69,2.78,11624000
3/26/2020 0:00,2.83,3,2.73,2.75,21632000
3/27/2020 0:00,2.79,2.83,2.68,2.71,41173000
3/30/2020 0:00,2.71,2.71,2.6,2.65,34974000
3/31/2020 0:00,2.71,2.85,2.68,2.83,16823500
4/1/2020 0:00,2.88,2.88,2.75,2.8,8561500
4/2/2020 0:00,2.79,3.04,2.77,2.99,20586500
4/3/2020 0:00,3,3.09,2.93,2.99,12385500
4/6/2020 0:00,3,3.02,2.75,2.76,17013000
4/7/2020 0:00,2.8,2.84,2.74,2.79,8675500
4/8/2020 0:00,2.83,2.85,2.73,2.81,5468500
4/9/2020 0:00,2.85,2.95,2.85,2.88,11128500
4/10/2020 0:00,2.93,2.99,2.88,2.9,10549500
4/13/2020 0:00,2.9,2.91,2.78,2.8,6394000
4/14/2020 0:00,2.84,2.84,2.76,2.79,7474500
4/15/2020 0:00,2.84,2.9,2.8,2.83,7273000
4/16/2020 0:00,2.88,2.9,2.81,2.89,3898500
4/17/2020 0:00,3.06,3.16,3.01,3.09,23239000
4/20/2020 0:00,3.17,3.19,3,3.05,13706000
4/21/2020 0:00,2.93,3.03,2.89,2.91,9042500
4/22/2020 0:00,2.93,2.94,2.86,2.92,4585000
4/23/2020 0:00,2.95,3.03,2.9,2.92,3080000
4/24/2020 0:00,2.9,2.94,2.88,2.9,1939500
4/27/2020 0:00,2.88,2.94,2.84,2.9,3107000
4/28/2020 0:00,2.94,2.96,2.88,2.9,981500
4/29/2020 0:00,2.9,2.95,2.9,2.93,1985500
4/30/2020 0:00,2.97,3.02,2.96,3.01,8387000
5/4/2020 0:00,3,3,2.88,2.9,10370500
5/5/2020 0:00,2.91,2.95,2.86,2.87,8046500
5/6/2020 0:00,2.9,2.91,2.86,2.88,5787000
5/7/2020 0:00,2.9,2.9,2.82,2.85,5899000
5/8/2020 0:00,2.86,2.89,2.82,2.83,1282000
5/11/2020 0:00,2.84,2.91,2.82,2.89,4066500
5/12/2020 0:00,2.9,2.96,2.9,2.95,3923000
5/13/2020 0:00,2.93,3,2.91,2.97,4585000
5/14/2020 0:00,2.93,3,2.93,2.96,4607500
5/15/2020 0:00,3,3.09,2.96,3.06,12218500
5/18/2020 0:00,3.1,3.22,3.07,3.12,17952500
5/19/2020 0:00,3.16,3.22,3.13,3.2,9669500
5/20/2020 0:00,3.2,3.2,3.07,3.1,4934500
5/21/2020 0:00,3.1,3.15,3.08,3.1,7120000
5/28/2020 0:00,3.14,3.14,3.02,3.05,3466000
5/29/2020 0:00,3.09,3.18,3.06,3.16,5263500
6/1/2020 0:00,3.15,3.22,3.11,3.13,2995000
6/2/2020 0:00,3.18,3.2,3.14,3.16,5412500
6/3/2020 0:00,3.18,3.2,3.14,3.14,3097000
6/4/2020 0:00,3.14,3.15,3.03,3.05,4548000
6/5/2020 0:00,3.06,3.12,3.02,3.08,1234500
6/8/2020 0:00,3.08,3.13,3.08,3.11,1565000
6/9/2020 0:00,3.13,3.13,3.07,3.09,1216000
6/10/2020 0:00,3.1,3.11,3.06,3.07,3050500
6/11/2020 0:00,3.05,3.15,3.05,3.07,3986000
6/12/2020 0:00,3.1,3.1,3.02,3.04,4787000
6/15/2020 0:00,3.02,3.06,2.98,2.98,5578500
6/16/2020 0:00,3.01,3.02,2.96,3.01,1984000
6/17/2020 0:00,3,3.08,2.97,2.98,4920000
6/18/2020 0:00,2.99,3,2.88,2.91,5078000
6/19/2020 0:00,2.92,2.95,2.83,2.84,9130500
6/22/2020 0:00,2.9,2.97,2.88,2.96,2095000
6/23/2020 0:00,2.98,3,2.91,2.94,1831500
6/24/2020 0:00,2.98,2.98,2.85,2.9,8574500
6/25/2020 0:00,2.88,2.91,2.86,2.9,6736000
6/26/2020 0:00,2.95,2.99,2.87,2.89,5273000
6/29/2020 0:00,2.9,2.95,2.85,2.87,2076500
6/30/2020 0:00,2.95,3.05,2.91,3.01,9239500
7/1/2020 0:00,3.15,3.37,3.13,3.28,39105500
7/2/2020 0:00,3.31,3.36,3.16,3.18,11641000
7/3/2020 0:00,3.2,3.28,3.16,3.18,7531500
7/6/2020 0:00,3.25,3.33,3.21,3.23,6139000
7/7/2020 0:00,3.25,3.26,3.18,3.23,5136500
7/8/2020 0:00,3.23,3.25,3.17,3.2,5122500
7/9/2020 0:00,3.2,3.23,3.15,3.18,6302500
7/10/2020 0:00,3.14,3.24,3.14,3.19,4184500
7/13/2020 0:00,3.17,3.2,3.11,3.15,13011000
7/14/2020 0:00,3.14,3.46,3.11,3.39,39266000
7/15/2020 0:00,3.41,3.43,3.26,3.27,5554500
7/16/2020 0:00,3.35,3.35,3.27,3.32,5299000
7/17/2020 0:00,3.32,3.33,3.21,3.31,8126500
7/20/2020 0:00,3.31,3.35,3.22,3.3,15493000
7/21/2020 0:00,3.26,3.3,3.18,3.19,14134500
7/22/2020 0:00,3.22,3.23,3.13,3.16,12501500
7/23/2020 0:00,3.2,3.28,3.14,3.24,20881000
7/24/2020 0:00,3.15,3.2,3.15,3.16,16837500
7/27/2020 0:00,3.19,3.2,3.13,3.16,5104500
7/28/2020 0:00,3.16,3.24,3.16,3.2,5750000
7/29/2020 0:00,3.23,3.67,3.23,3.51,73290000
7/30/2020 0:00,3.57,3.6,3.46,3.49,6974500
8/3/2020 0:00,3.53,3.72,3.5,3.63,23026000
8/4/2020 0:00,3.65,3.69,3.54,3.56,11574000
8/5/2020 0:00,3.56,3.61,3.5,3.57,7095500
8/6/2020 0:00,3.56,3.91,3.55,3.84,37758000
8/7/2020 0:00,3.85,3.89,3.75,3.79,13298500
8/10/2020 0:00,3.8,3.87,3.65,3.68,13515500
8/11/2020 0:00,3.75,3.99,3.68,3.88,36002000
8/12/2020 0:00,3.95,4.02,3.81,3.83,16319500
8/13/2020 0:00,3.84,3.89,3.76,3.83,7632000
8/17/2020 0:00,3.85,4.01,3.84,3.93,15483500
8/18/2020 0:00,3.95,3.95,3.78,3.82,17736000
8/19/2020 0:00,3.87,3.89,3.8,3.87,7341500
8/20/2020 0:00,3.85,3.85,3.78,3.8,5345000
8/21/2020 0:00,3.8,3.8,3.68,3.71,8565500
8/24/2020 0:00,3.72,3.74,3.66,3.71,2900500
8/25/2020 0:00,3.71,3.81,3.7,3.79,5816500
8/26/2020 0:00,3.8,3.86,3.78,3.8,4617000
8/27/2020 0:00,3.83,4.05,3.83,3.88,28446000
8/28/2020 0:00,3.9,3.96,3.85,3.88,3162000
8/31/2020 0:00,3.87,3.92,3.83,3.85,4311000
9/1/2020 0:00,3.94,4.12,3.91,4.07,26462000
9/2/2020 0:00,4.11,4.37,4.02,4.3,54009500
9/3/2020 0:00,4.42,4.54,4.25,4.33,41810000
9/4/2020 0:00,4.38,4.4,4.2,4.29,23596500
9/7/2020 0:00,4.3,4.4,4.15,4.18,24308000
9/8/2020 0:00,4.19,4.28,4.1,4.11,32126500
9/9/2020 0:00,4.09,4.18,4.03,4.13,19127000
9/10/2020 0:00,4.14,4.28,4.14,4.17,37295500
9/11/2020 0:00,4.21,4.37,4.2,4.24,20730000
9/14/2020 0:00,4.24,4.32,4.08,4.1,12971000
9/15/2020 0:00,4.14,4.21,4.05,4.12,54037500
9/16/2020 0:00,4.15,4.24,3.99,4.07,70582000
9/17/2020 0:00,4.09,4.16,4.07,4.09,19722000
9/18/2020 0:00,4.15,4.34,4.1,4.28,35377500
9/21/2020 0:00,4.3,4.47,4.22,4.25,29596000
9/22/2020 0:00,4.24,4.3,4.09,4.13,28579000
9/23/2020 0:00,4.13,4.28,4.09,4.21,14590500
9/24/2020 0:00,4.2,4.31,4.14,4.18,40527500
9/25/2020 0:00,4.2,4.25,4.1,4.22,17541500
9/28/2020 0:00,4.32,4.37,4.17,4.21,30213000
9/29/2020 0:00,4.21,4.28,4.16,4.23,21172500
9/30/2020 0:00,4.25,4.35,4.17,4.21,24761000
10/1/2020 0:00,4.21,4.22,4.1,4.15,28892000
10/2/2020 0:00,4.1,4.28,4,4.04,35084000
10/5/2020 0:00,4.04,4.04,3.68,3.75,29159500
10/6/2020 0:00,3.81,3.9,3.72,3.83,12087000
10/7/2020 0:00,3.83,3.92,3.78,3.87,6856500
10/8/2020 0:00,3.9,3.9,3.75,3.83,5237000
10/9/2020 0:00,3.86,3.87,3.73,3.74,5316000
10/12/2020 0:00,3.8,3.89,3.67,3.74,13187500
10/13/2020 0:00,3.94,4,3.77,3.86,15629500
10/14/2020 0:00,3.84,3.89,3.71,3.79,5203000
10/15/2020 0:00,3.82,3.82,3.75,3.78,3501500
10/16/2020 0:00,3.85,3.88,3.76,3.83,4445500
10/19/2020 0:00,3.84,3.92,3.76,3.77,5421500
10/20/2020 0:00,3.84,4.18,3.82,4.04,21059500
10/21/2020 0:00,4.1,4.15,3.95,3.97,12561500
10/22/2020 0:00,3.99,4.09,3.84,3.9,5119500
10/23/2020 0:00,3.92,3.95,3.83,3.88,3203000
10/26/2020 0:00,3.91,3.95,3.87,3.92,3443500
10/27/2020 0:00,3.93,3.95,3.84,3.85,4344500
10/28/2020 0:00,3.86,3.86,3.77,3.83,2915000
10/29/2020 0:00,3.8,3.8,3.6,3.73,12529000
11/2/2020 0:00,3.7,3.85,3.56,3.75,12000500
11/3/2020 0:00,3.8,3.89,3.75,3.87,5953500
11/4/2020 0:00,3.88,3.93,3.7,3.74,6856500
11/5/2020 0:00,3.82,3.83,3.7,3.81,5390500
11/6/2020 0:00,3.89,3.89,3.72,3.74,3184000
11/9/2020 0:00,3.75,3.76,3.69,3.71,1383500
11/10/2020 0:00,3.76,3.8,3.68,3.69,3948000
11/11/2020 0:00,3.7,3.73,3.55,3.57,16423000
11/12/2020 0:00,3.68,3.68,3.53,3.55,9404500
11/13/2020 0:00,3.54,3.63,3.53,3.57,13110500
11/16/2020 0:00,3.63,3.91,3.63,3.75,24905000
11/17/2020 0:00,3.8,3.8,3.72,3.73,3610500
11/18/2020 0:00,3.73,3.73,3.65,3.68,5647000
11/19/2020 0:00,3.68,3.73,3.65,3.66,988000
11/20/2020 0:00,3.66,3.68,3.61,3.65,2906500
11/23/2020 0:00,3.62,3.62,3.53,3.59,4259500
11/24/2020 0:00,3.59,3.65,3.58,3.6,3512000
11/25/2020 0:00,3.6,3.72,3.6,3.69,6781500
11/26/2020 0:00,3.73,3.76,3.69,3.75,2250500
11/27/2020 0:00,3.75,3.92,3.7,3.76,23109000
11/30/2020 0:00,3.75,3.75,3.63,3.65,19590500
12/1/2020 0:00,3.67,3.73,3.65,3.69,5128000
12/2/2020 0:00,3.73,3.79,3.7,3.75,4240500
12/3/2020 0:00,3.75,3.77,3.68,3.69,3277000
12/4/2020 0:00,3.7,3.76,3.64,3.72,18745500
12/7/2020 0:00,3.72,3.75,3.66,3.66,2853500
12/8/2020 0:00,3.7,3.7,3.63,3.64,2548500
12/9/2020 0:00,3.68,3.74,3.63,3.69,9448500
12/10/2020 0:00,3.7,3.73,3.57,3.63,34142000
12/11/2020 0:00,3.65,3.8,3.59,3.7,16266000
12/14/2020 0:00,3.72,3.75,3.69,3.73,5174500
12/15/2020 0:00,3.73,3.82,3.72,3.76,9673500
12/16/2020 0:00,3.72,3.79,3.65,3.67,7425500
12/17/2020 0:00,3.7,3.9,3.65,3.85,29033000
12/18/2020 0:00,3.86,4.05,3.85,3.88,28651500
12/21/2020 0:00,3.88,3.9,3.78,3.81,5076500
12/22/2020 0:00,3.82,3.87,3.75,3.78,9232500
12/23/2020 0:00,3.8,3.84,3.75,3.76,5319000
12/24/2020 0:00,3.76,3.86,3.75,3.81,10839500
12/28/2020 0:00,3.81,4.1,3.81,4.07,47200500
12/29/2020 0:00,4.14,4.18,4,4.02,38148000
12/30/2020 0:00,4.02,4.09,3.9,3.96,14614000
12/31/2020 0:00,3.98,4,3.9,3.91,10726500
1/1/2021 0:00,3.91,4.03,3.9,3.92,17847500
1/4/2021 0:00,3.96,3.98,3.87,3.89,5215500
1/5/2021 0:00,3.89,3.95,3.82,3.86,6198500
1/6/2021 0:00,3.89,3.9,3.82,3.84,4918000
1/7/2021 0:00,3.88,3.98,3.82,3.85,9146500
1/8/2021 0:00,3.9,4.15,3.85,4.02,37178500
1/11/2021 0:00,4.12,4.14,3.95,4.01,15183500
1/12/2021 0:00,4.04,4.57,4.01,4.5,250242000
1/13/2021 0:00,4.48,4.58,4.23,4.27,110622500
1/14/2021 0:00,4.3,4.4,4.19,4.21,45688500
1/15/2021 0:00,4.18,4.3,4.14,4.19,12121500
1/18/2021 0:00,4.2,4.2,4.04,4.06,33013500
1/19/2021 0:00,4.09,4.14,4.04,4.06,18889000
1/20/2021 0:00,4.06,4.19,4.04,4.1,18219000
1/21/2021 0:00,4.12,4.42,4.12,4.25,143822500
1/22/2021 0:00,4.28,4.33,4.07,4.11,54062500
1/25/2021 0:00,4.15,4.29,4.12,4.13,36610000
1/26/2021 0:00,4.15,4.17,4.09,4.11,22538500
1/27/2021 0:00,4.1,4.16,4.09,4.1,11532000
1/28/2021 0:00,4.13,4.14,4.05,4.09,31212500
1/29/2021 0:00,4.1,4.54,4.1,4.39,141575000
2/1/2021 0:00,4.49,4.65,4.47,4.52,65107000
2/2/2021 0:00,4.5,4.67,4.46,4.49,34216500
2/3/2021 0:00,4.65,4.71,4.6,4.67,59324500
2/4/2021 0:00,4.63,4.7,4.52,4.56,19245500
2/8/2021 0:00,4.56,4.58,4.42,4.46,12233000
2/9/2021 0:00,4.48,4.51,4.41,4.45,8473000
2/10/2021 0:00,4.5,4.66,4.43,4.54,106876000
2/11/2021 0:00,4.58,4.58,4.26,4.33,47091000
2/12/2021 0:00,4.3,4.35,4.23,4.25,5786000
2/15/2021 0:00,4.31,4.35,4.15,4.17,11990000
2/16/2021 0:00,4.2,4.23,4.15,4.16,8411000
2/17/2021 0:00,4.15,4.25,4.14,4.15,15512000
2/18/2021 0:00,4.19,4.19,4.09,4.1,29300500
2/19/2021 0:00,4.13,4.2,4.08,4.12,18588000
2/22/2021 0:00,4.11,4.17,4.05,4.07,13037000
2/23/2021 0:00,4.12,4.19,4.08,4.13,11452000
2/24/2021 0:00,4.13,4.14,4.02,4.04,8465500
2/25/2021 0:00,4.05,4.27,4.03,4.18,32179000
2/26/2021 0:00,4.25,4.25,4.11,4.18,9323000
3/1/2021 0:00,4.17,4.17,4.03,4.07,9207000
3/2/2021 0:00,4.1,4.15,4.05,4.12,8400000
3/3/2021 0:00,4.14,4.17,4.1,4.13,8866000
3/4/2021 0:00,4.01,4.05,3.94,3.96,33106000
3/5/2021 0:00,4,4.03,3.94,4,8126000
3/8/2021 0:00,4.09,4.09,3.9,3.92,10355500
3/9/2021 0:00,3.94,3.95,3.83,3.87,13915500
3/10/2021 0:00,3.9,3.93,3.84,3.85,7559000
3/11/2021 0:00,3.88,3.88,3.66,3.74,17168000
3/12/2021 0:00,3.82,3.9,3.7,3.87,5036000
3/15/2021 0:00,3.97,4.01,3.92,3.99,18736000
3/16/2021 0:00,4.08,4.08,3.91,3.97,3992500
3/17/2021 0:00,4.05,4.16,3.97,4.1,13287500
3/18/2021 0:00,4.19,4.28,4.1,4.12,49488500
3/19/2021 0:00,4.13,4.3,4.06,4.26,38243500
3/22/2021 0:00,4.3,4.35,4.2,4.22,14675000
3/24/2021 0:00,4.22,4.28,4.15,4.17,3011500
3/25/2021 0:00,4.25,4.25,4.12,4.14,7633000
3/26/2021 0:00,4.2,4.24,4.08,4.1,8075500
3/29/2021 0:00,4.15,4.15,3.95,3.98,11930000
3/30/2021 0:00,4,4,3.93,3.97,4552000
3/31/2021 0:00,3.99,4.05,3.96,3.98,6500500
4/1/2021 0:00,4.06,4.08,3.9,3.94,6779500
4/2/2021 0:00,3.98,3.98,3.92,3.93,1999000
4/5/2021 0:00,3.92,3.99,3.84,3.86,3868500
4/6/2021 0:00,3.93,3.94,3.79,3.84,9965500
4/7/2021 0:00,3.89,3.89,3.79,3.82,2840000
4/8/2021 0:00,3.85,3.89,3.8,3.86,2194500
4/9/2021 0:00,3.89,3.89,3.8,3.85,3071000
4/12/2021 0:00,3.9,3.9,3.82,3.83,2154000
4/13/2021 0:00,3.83,3.85,3.78,3.81,2118000
4/14/2021 0:00,3.8,3.93,3.78,3.8,6866000
4/15/2021 0:00,3.82,3.85,3.77,3.78,2500500
4/16/2021 0:00,3.78,3.8,3.77,3.78,671000
4/19/2021 0:00,3.76,3.83,3.76,3.78,6553500
4/20/2021 0:00,3.8,3.84,3.78,3.82,2060000
4/21/2021 0:00,3.85,3.85,3.75,3.76,3596000
4/22/2021 0:00,3.76,3.8,3.72,3.74,6374000
4/23/2021 0:00,3.72,3.75,3.69,3.72,2290500
4/26/2021 0:00,3.7,3.72,3.64,3.65,6581000
4/27/2021 0:00,3.77,3.77,3.59,3.61,9820000
4/28/2021 0:00,3.64,3.75,3.64,3.68,3611500
4/29/2021 0:00,3.68,3.68,3.6,3.63,2816000
4/30/2021 0:00,3.6,3.67,3.56,3.6,11072500
5/3/2021 0:00,3.62,3.62,3.55,3.57,2805500
5/4/2021 0:00,3.56,3.6,3.55,3.6,1955500
5/5/2021 0:00,3.64,3.73,3.6,3.68,4346500
5/6/2021 0:00,3.74,3.74,3.65,3.69,2293500
5/17/2021 0:00,3.9,4.05,3.86,3.99,38306000
5/18/2021 0:00,4.01,4.01,3.88,3.9,12775000
5/19/2021 0:00,4.02,4.26,4.02,4.11,65424500
5/20/2021 0:00,4.13,4.3,4.12,4.18,48238000
5/21/2021 0:00,4.19,4.33,4.13,4.24,39830500
5/24/2021 0:00,4.23,4.24,4.13,4.15,10345500
5/25/2021 0:00,4.14,4.15,4.07,4.09,6222500
5/26/2021 0:00,4.09,4.23,4.01,4.16,19612000
5/27/2021 0:00,4.27,4.44,4.21,4.27,75177500
5/28/2021 0:00,4.3,4.35,4.22,4.25,16020500
5/31/2021 0:00,4.3,4.3,4.13,4.18,33935500
6/1/2021 0:00,4.2,4.25,4.11,4.16,21445500
6/2/2021 0:00,4.13,4.17,4.09,4.1,18739000
6/3/2021 0:00,4.1,4.14,4.07,4.09,10907500
6/4/2021 0:00,4.11,4.13,4.05,4.08,11846500
6/7/2021 0:00,4.17,4.19,4.06,4.08,13305500
6/8/2021 0:00,4.1,4.26,4.06,4.15,20816500
6/9/2021 0:00,4.18,4.36,4.13,4.22,59628000
6/10/2021 0:00,4.25,4.36,4.21,4.22,49097500
6/11/2021 0:00,4.22,4.3,4.17,4.19,29912000
6/14/2021 0:00,4.25,4.31,4.15,4.24,28725000
6/15/2021 0:00,4.26,4.83,4.25,4.69,312971000
6/16/2021 0:00,4.82,4.88,4.43,4.47,114968500
6/17/2021 0:00,4.46,4.57,4.29,4.36,57436500
6/18/2021 0:00,4.37,4.37,4.28,4.3,32301500
6/21/2021 0:00,4.28,4.32,4.17,4.19,24002500
6/22/2021 0:00,4.24,4.25,4.11,4.12,37405500
6/23/2021 0:00,4.14,4.25,4.11,4.16,23641000
6/24/2021 0:00,4.17,4.22,4.1,4.12,15439500
6/25/2021 0:00,4.11,4.13,4.05,4.09,28549000
6/28/2021 0:00,4.15,4.15,4.03,4.04,28314000
6/29/2021 0:00,4.06,4.16,4.05,4.13,7074500
6/30/2021 0:00,4.18,4.24,4.14,4.18,14860500
7/1/2021 0:00,4.14,4.21,4.11,4.15,8627500
7/2/2021 0:00,4.18,4.19,4.05,4.07,12296500
7/5/2021 0:00,4.09,4.09,3.99,4.01,29472500
7/6/2021 0:00,4.05,4.07,3.96,3.98,11188000
7/7/2021 0:00,4,4.03,3.92,3.93,15037500
7/8/2021 0:00,3.93,4.1,3.93,4.02,11649000
7/9/2021 0:00,4.01,4.02,3.94,3.96,7944000
7/12/2021 0:00,3.96,3.98,3.9,3.91,9665000
7/13/2021 0:00,3.9,3.94,3.88,3.9,6929500
7/14/2021 0:00,3.88,3.93,3.83,3.91,18951500
7/15/2021 0:00,3.91,4.1,3.88,4.06,38930500
7/16/2021 0:00,4.06,4.09,3.97,3.99,6741500
7/19/2021 0:00,3.99,4.01,3.91,4,6092000
7/23/2021 0:00,4,4,3.93,3.97,9206000
7/26/2021 0:00,3.99,4,3.92,3.93,3099500
7/27/2021 0:00,3.9,4,3.87,3.89,13093500
7/28/2021 0:00,3.89,3.95,3.85,3.88,11616500
7/29/2021 0:00,3.88,3.9,3.81,3.82,6512500
7/30/2021 0:00,3.88,3.88,3.78,3.81,7296000
8/2/2021 0:00,3.81,3.9,3.8,3.88,3107500
8/3/2021 0:00,3.86,3.95,3.85,3.9,5177000
8/4/2021 0:00,3.91,3.94,3.85,3.88,5700000
8/5/2021 0:00,3.9,3.93,3.84,3.85,7033000
8/6/2021 0:00,3.92,3.92,3.84,3.85,3381500
8/9/2021 0:00,3.88,3.96,3.84,3.84,9981000
8/10/2021 0:00,3.84,3.86,3.8,3.81,7472000
8/11/2021 0:00,3.85,3.86,3.8,3.81,5575000
8/12/2021 0:00,3.8,3.85,3.77,3.79,2063500
8/13/2021 0:00,3.78,3.84,3.76,3.79,2279000
8/16/2021 0:00,3.79,3.79,3.71,3.76,5121000
8/17/2021 0:00,3.76,3.82,3.74,3.75,2683500
8/20/2021 0:00,3.8,3.83,3.75,3.8,3005500
8/23/2021 0:00,3.8,3.87,3.76,3.85,4582000
8/24/2021 0:00,3.88,3.88,3.8,3.8,4826500
8/25/2021 0:00,3.85,3.85,3.77,3.78,3523000
8/26/2021 0:00,3.8,3.82,3.7,3.72,3969500
8/27/2021 0:00,3.7,3.75,3.65,3.7,26430500
8/30/2021 0:00,3.8,3.8,3.7,3.72,2605500
8/31/2021 0:00,3.72,3.75,3.7,3.71,2982500
9/1/2021 0:00,3.7,3.76,3.69,3.72,4012500
9/2/2021 0:00,3.72,3.75,3.66,3.68,2253500
9/3/2021 0:00,3.68,3.73,3.65,3.68,2235000
9/6/2021 0:00,3.75,3.75,3.64,3.65,2121500
9/7/2021 0:00,3.69,3.69,3.61,3.63,4270000
9/8/2021 0:00,3.63,3.67,3.58,3.63,21301000
9/9/2021 0:00,3.69,3.7,3.62,3.65,5523000
9/10/2021 0:00,3.63,3.69,3.63,3.65,2072500
9/13/2021 0:00,3.7,3.76,3.66,3.68,4587500
9/14/2021 0:00,3.68,3.68,3.5,3.54,10853000
9/15/2021 0:00,3.55,3.58,3.51,3.57,5144000
9/16/2021 0:00,3.57,3.63,3.56,3.61,2504500
9/17/2021 0:00,3.61,3.65,3.56,3.59,5417000
9/20/2021 0:00,3.59,3.59,3.53,3.54,5133500
9/21/2021 0:00,3.54,3.56,3.49,3.51,8263000
9/22/2021 0:00,3.55,3.55,3.37,3.49,8681500
9/23/2021 0:00,3.51,3.51,3.28,3.4,13162000
9/24/2021 0:00,3.32,3.46,3.22,3.25,14915000
9/27/2021 0:00,3.24,3.3,3.2,3.24,4040500
9/28/2021 0:00,3.29,3.5,3.26,3.41,5915000
9/29/2021 0:00,3.4,3.4,3.28,3.31,1826500
9/30/2021 0:00,3.31,4.31,3.1,4,32484500
10/1/2021 0:00,3.68,3.74,3.58,3.62,9961500
10/4/2021 0:00,3.6,3.6,3.52,3.56,1358500
10/5/2021 0:00,3.57,3.57,3.45,3.46,3690000
10/6/2021 0:00,3.48,3.48,3.39,3.42,1476500
10/7/2021 0:00,3.45,3.5,3.39,3.4,2102500
10/8/2021 0:00,3.4,3.44,3.32,3.41,522000
10/11/2021 0:00,3.37,3.4,3.3,3.32,2316500
10/12/2021 0:00,3.31,3.44,3.3,3.37,2350000
10/13/2021 0:00,3.35,3.45,3.32,3.36,2370000
10/14/2021 0:00,3.32,3.53,3.32,3.45,7876000
10/15/2021 0:00,3.42,3.51,3.42,3.48,4180000
10/18/2021 0:00,3.45,3.5,3.4,3.41,1431500
10/20/2021 0:00,3.43,3.51,3.41,3.45,1710500
10/21/2021 0:00,3.44,3.5,3.38,3.4,2286000
10/22/2021 0:00,3.37,3.43,3.36,3.41,1984000
10/25/2021 0:00,3.34,3.43,3.34,3.39,1019500
10/26/2021 0:00,3.38,3.43,3.35,3.36,1805500
10/27/2021 0:00,3.43,3.53,3.42,3.5,1775500
10/28/2021 0:00,3.5,3.56,3.49,3.54,2034500
10/29/2021 0:00,3.54,3.54,3.42,3.49,2480500
11/1/2021 0:00,3.46,3.57,3.43,3.49,5168500
11/2/2021 0:00,3.5,3.52,3.45,3.47,1334500
11/3/2021 0:00,3.47,3.63,3.45,3.6,5493000
11/4/2021 0:00,3.58,3.7,3.58,3.67,5747500
11/5/2021 0:00,3.7,3.7,3.6,3.62,2453000
11/8/2021 0:00,3.62,3.68,3.55,3.57,1522500
11/9/2021 0:00,3.52,3.6,3.48,3.52,4804500
11/10/2021 0:00,3.5,3.6,3.46,3.55,5394000
11/11/2021 0:00,3.53,3.64,3.49,3.5,3664500
11/12/2021 0:00,3.5,3.53,3.46,3.5,2483000
11/15/2021 0:00,3.41,3.49,3.33,3.35,3959500
11/16/2021 0:00,3.35,3.42,3.35,3.41,2151500
11/17/2021 0:00,3.41,3.46,3.35,3.37,2172000
11/18/2021 0:00,3.43,3.45,3.31,3.35,1350000
11/19/2021 0:00,3.33,3.6,3.32,3.4,4186500
11/22/2021 0:00,3.4,3.4,3.31,3.33,3883500
11/23/2021 0:00,3.4,3.4,3.27,3.28,2484500
11/24/2021 0:00,3.29,3.3,3.21,3.25,2262500
11/25/2021 0:00,3.29,3.3,3.17,3.19,3239000
11/26/2021 0:00,3.29,3.29,3.16,3.19,4828500
11/29/2021 0:00,3.17,3.25,3.16,3.23,662500
11/30/2021 0:00,3.24,3.4,3.19,3.32,6190000
12/1/2021 0:00,3.32,3.36,3.26,3.28,1218000
12/2/2021 0:00,3.3,3.3,3.07,3.11,5115000
12/3/2021 0:00,3.15,3.23,3.1,3.18,5629000
12/6/2021 0:00,3.18,3.51,3.15,3.45,7561000
12/7/2021 0:00,3.44,3.47,3.33,3.35,1638500
12/8/2021 0:00,3.4,3.41,3.3,3.33,1890000
12/9/2021 0:00,3.37,3.37,3.24,3.25,1007500
12/10/2021 0:00,3.2,3.21,3.12,3.19,3644000
12/13/2021 0:00,3.18,3.28,3.1,3.12,5446500
12/14/2021 0:00,3.15,3.18,3.09,3.15,3623500
12/15/2021 0:00,3.17,3.43,3.17,3.39,10096000
12/16/2021 0:00,3.33,3.33,3.18,3.2,4291000
12/17/2021 0:00,3.29,3.3,3.17,3.19,2658000
12/20/2021 0:00,3.24,3.27,3.2,3.22,2470500
12/21/2021 0:00,3.21,3.29,3.2,3.21,2199000
12/22/2021 0:00,3.25,3.3,3.21,3.26,2658000
12/23/2021 0:00,3.29,3.38,3.24,3.26,3742500
12/24/2021 0:00,3.31,3.31,3.24,3.25,4869000
12/27/2021 0:00,3.25,3.29,3.22,3.24,1765000
12/28/2021 0:00,3.28,3.33,3.24,3.26,8591500
12/29/2021 0:00,3.29,3.5,3.24,3.42,13551500
12/30/2021 0:00,3.49,3.6,3.39,3.45,22927500
12/31/2021 0:00,3.42,3.48,3.35,3.44,13121500
1/3/2022 0:00,3.39,3.39,3.3,3.32,6153000
1/4/2022 0:00,3.31,3.49,3.3,3.42,6681000
1/5/2022 0:00,3.4,3.42,3.36,3.38,2162500
1/6/2022 0:00,3.38,3.38,3.28,3.3,5077500
1/7/2022 0:00,3.33,3.34,3.27,3.32,1884000
1/10/2022 0:00,3.33,3.35,3.3,3.32,1713000
1/11/2022 0:00,3.39,3.39,3.29,3.32,5735000
1/12/2022 0:00,3.37,3.39,3.3,3.34,5464500
1/13/2022 0:00,3.38,3.38,3.3,3.33,2190500
1/14/2022 0:00,3.34,3.36,3.31,3.32,2720500
1/17/2022 0:00,3.31,3.32,3.26,3.27,2484500
1/18/2022 0:00,3.3,3.32,3.25,3.26,2048000
1/19/2022 0:00,3.26,3.26,3.14,3.16,3861000
1/20/2022 0:00,3.16,3.16,3.08,3.1,11450000
1/21/2022 0:00,3.13,3.17,3.1,3.1,3773000
1/24/2022 0:00,3.14,3.14,3.08,3.09,3145500
1/25/2022 0:00,3.15,3.15,3.07,3.09,4628500
1/26/2022 0:00,3.1,3.12,3.05,3.07,3291500
1/27/2022 0:00,3.11,3.13,3.08,3.11,6490500
1/28/2022 0:00,3.14,3.16,3.1,3.13,3099500
1/31/2022 0:00,3.16,3.16,3.12,3.13,895000
2/1/2022 0:00,3.18,3.25,3.18,3.23,3010000
2/2/2022 0:00,3.25,3.25,3.2,3.23,1374000
2/3/2022 0:00,3.3,3.44,3.25,3.26,7730500
2/4/2022 0:00,3.3,3.3,3.2,3.22,2483500
2/7/2022 0:00,3.24,3.24,3.17,3.18,2414500
2/8/2022 0:00,3.2,3.37,3.2,3.35,10169500
2/9/2022 0:00,3.34,3.49,3.34,3.38,13780000
2/10/2022 0:00,3.39,3.39,3.24,3.26,5218000
2/11/2022 0:00,3.23,3.59,3.24,3.42,11988500
2/14/2022 0:00,3.39,3.49,3.27,3.42,6439000
2/15/2022 0:00,3.43,3.57,3.37,3.53,22714500
2/16/2022 0:00,3.67,3.67,3.48,3.59,23646000
2/17/2022 0:00,3.55,3.55,3.41,3.47,8856000
2/18/2022 0:00,3.41,3.54,3.41,3.48,8799000
2/21/2022 0:00,3.44,3.44,3.27,3.3,8946500
2/22/2022 0:00,3.31,3.31,3.17,3.25,7408500
2/23/2022 0:00,3.25,3.35,3.2,3.26,2476000
2/24/2022 0:00,3.22,3.3,3.1,3.22,14456500
2/25/2022 0:00,3.17,3.33,3.17,3.28,5461000
2/28/2022 0:00,3.24,3.32,3.19,3.27,5003000
3/1/2022 0:00,3.3,3.34,3.22,3.26,5841000
3/2/2022 0:00,3.24,3.24,3.2,3.2,1081500
3/3/2022 0:00,3.2,3.28,3.1,3.2,7600000
3/4/2022 0:00,3.19,3.2,3.13,3.15,1600000
3/7/2022 0:00,3.18,3.18,3.04,3.09,4581000
3/8/2022 0:00,3.1,3.14,3.04,3.08,2408000
3/9/2022 0:00,3.03,3.13,3.02,3.08,4318500
3/10/2022 0:00,3.1,3.15,3.04,3.06,4782000
3/11/2022 0:00,3.06,3.09,3.03,3.08,2350000
3/14/2022 0:00,3.04,3.08,3.02,3.05,1017000
3/15/2022 0:00,3.03,3.07,2.99,3.03,2453500
3/16/2022 0:00,3.07,3.14,3,3.02,6643000
3/17/2022 0:00,3.01,3.07,2.97,3.02,4858500
3/18/2022 0:00,3,3.04,2.88,2.92,8827000
3/21/2022 0:00,2.99,3.03,2.93,2.98,2323500
3/22/2022 0:00,2.94,3,2.9,2.93,3953500
3/24/2022 0:00,2.93,2.94,2.89,2.92,3167000
3/25/2022 0:00,2.93,2.94,2.9,2.91,5963000
3/28/2022 0:00,2.91,3.1,2.88,3.02,6608000
3/29/2022 0:00,3.06,3.16,3,3.11,11176000
3/30/2022 0:00,3.09,3.24,2.9,3.11,38419500
3/31/2022 0:00,3.11,3.22,2.92,3.14,56072000
4/1/2022 0:00,3.12,3.12,3.05,3.1,6072000
4/4/2022 0:00,3,3.08,2.88,2.92,16012000
4/5/2022 0:00,2.9,2.98,2.89,2.91,5705000
4/6/2022 0:00,2.92,2.97,2.9,2.91,5265000
4/7/2022 0:00,2.95,2.95,2.9,2.9,7698000
4/8/2022 0:00,2.94,2.95,2.88,2.93,6916000
4/11/2022 0:00,3.02,3.13,3.02,3.1,11358000
4/12/2022 0:00,3.13,3.13,3.01,3.07,7524500
4/13/2022 0:00,3.06,3.19,3.03,3.06,17800000
4/14/2022 0:00,3.05,3.1,3.02,3.08,4445500
4/15/2022 0:00,3.12,3.14,3.08,3.12,4820500
4/18/2022 0:00,3.1,3.2,3.08,3.09,6124500
4/19/2022 0:00,3.1,3.13,3.01,3.02,4723000
4/20/2022 0:00,3.05,3.06,2.95,2.97,4453000
4/21/2022 0:00,3,3,2.91,2.92,6633000
4/22/2022 0:00,2.92,2.96,2.9,2.94,2474500
4/25/2022 0:00,3,3.04,2.96,2.96,4309000
4/26/2022 0:00,3,3,2.88,2.9,6426500
4/27/2022 0:00,2.91,2.93,2.88,2.9,4226500
4/28/2022 0:00,2.9,2.91,2.81,2.84,8822000
5/9/2022 0:00,2.85,2.85,2.64,2.67,6849000
5/10/2022 0:00,2.69,2.73,2.65,2.7,6111500
5/11/2022 0:00,2.7,2.7,2.51,2.6,6320500
5/12/2022 0:00,2.69,2.69,2.53,2.64,3209000
5/13/2022 0:00,2.58,2.71,2.57,2.66,1409500
5/16/2022 0:00,2.65,2.66,2.5,2.54,5205000
5/17/2022 0:00,2.51,2.6,2.51,2.56,2918000
5/18/2022 0:00,2.6,2.63,2.52,2.6,2994500
5/19/2022 0:00,2.64,2.65,2.57,2.59,2651500
5/20/2022 0:00,2.59,2.7,2.53,2.58,19219500
5/23/2022 0:00,2.58,2.6,2.49,2.5,6123500
5/24/2022 0:00,2.51,2.54,2.49,2.5,4268000
5/25/2022 0:00,2.52,2.58,2.47,2.52,15143000
5/26/2022 0:00,2.52,2.59,2.51,2.58,5745000
5/27/2022 0:00,2.64,2.75,2.63,2.68,15469500
5/30/2022 0:00,2.66,2.7,2.66,2.66,1722000
5/31/2022 0:00,2.64,2.7,2.61,2.62,1674000
